Sentiment,text
2,I loooooooovvvvvveee my Kindle2 Not that the DX is cool but the 2 is fantastic in its own right
2,Reading my kindle2  Love it Lee childs is good read
2,Ok first assesment of the it fucking rocks
2,Youll love your Kindle2 Ive had mine for a few months and never looked back The new big one is huge No need for remorse 
2, Fair enough But i have the Kindle2 and I think its perfect  
2,no it is too big Im quite happy with the Kindle2
0,Fuck this economy I hate aig and their non loan given asses
2,Jquery is my new best friend
2,Loves twitter
2,how can you not love Obama he makes jokes about himself
1,Check this video out  President Obama at the White House Correspondents Dinner
0,I firmly believe that ObamaPelosi have ZERO desire to be civil  Its a charade and a slogan but they want to destroy conservatism
2,House Correspondents dinner was last night whoopi barbara amp sherri went Obama got a standing ovation
2,Watchin EspnJus seen this new Nike Commerical with a Puppet Lebronsht was hilariousLMAO
0,dear nike stop with the flywire that shit is a waste of science and ugly love
2,best athlete of our generation if not all time basketball related I dont want to get into intersport debates about   12
0,I was talking to this guy last night and he was telling me that he is a die hard Spurs fan  He also told me that he hates LeBron James
2,i love lebron
0,Lebron is a Beast but Im still cheering 4 the Atil the end
2,lebron IS THE BOSS
2,Lebron is a hometown hero to me lol I love the Lakers but lets go Cavs lol
2,lebron and zydrunas are such an awesome duo
2,Lebron is a beast nobody in the NBA comes even close
2,downloading apps for my iphone So much fun  There literally is an app for just about anything
2,good news just had a call from the Visa office saying everything is finewhat a relief I am sick of scams out there Stealing
2, awesome come back from via
2,In montreal for a long weekend of Ramp
2,Booz Allen Hamilton has a bad ass homegrown social collaboration platform Way cool 
2,MLUC09 Customer Innovation Award Winner Booz Allen Hamilton 
2,I current use the Nikon D90 and love it but not as much as the Canon 40D50D I chose the D90 for the  video feature My mistake
1,need suggestions for a good IR filter for my canon 40D  got some pls DM
1,I just checked my google for my business blip shows up as the second entry Huh Is that a good or ba 
2,Google is always a good place to look Shouldve mentioned I worked on the Mustang w my Dad
0,Played with an android google phone The slide out screen scares me I would break that fucker so fast Still prefer my iPhone
0,US planning to resume the military tribunals at Guantanamo Bay only this time those on trial will be AIG execs and Chrysler debt holders
0,omg so bored amp
0,Im itchy and miserable
0,no Im not itchy for now Maybe later lol
2,RT I love the nerdy Stanford human biology videos  makes me miss school
2,Has been a bit crazy with steep learning curve but LyX is really good for long docs For anything shorter it would be insane
2,Im listening to PYT by Danny Gokey lt3 lt3 lt3 Aww hes so amazing I lt3 him so much 
2,is going to sleep then on a bike ride
0,cant sleep my tooth is aching
0,Blah blah blah same old same old No plans today going back to sleep I guess
0,glad i didnt do Bay to Breakers today its 1000 freaking degrees in San Francisco wtf
1,is in San Francisco at Bay to Breakers
1,just landed at San Francisco
1,San Francisco today  Any suggestions
0,Obama Administration Must Stop Bonuses to AIG Ponzi Schemers 
0,started to think that Citi is in really deep samp
0,ShaunWoo haten on AiG
2,you will not regret going to see Star Trek It was AWESOME
1,On my way to see Star Trek The Esquire
1,Going to see star trek soon with my dad
0,annoying new trend on the internets  people picking apart michael lewis and malcolm gladwell  nobody wants to read that
1,Bill Simmons in conversation with Malcolm Gladwell
2,Highly recommend by Malcolm Gladwell
2,Blink by malcolm gladwell amazing book and The tipping point
2,Malcolm Gladwell might be my new man crush
0,omg The commercials alone on ESPN are going to drive me nuts
2,Playing with Twitter API sounds fun  May need to take a class or find a new friend who like to generate results with API code
1,playing with cURL and the Twitter API
2,Hello Twitter API 
1,playing with Java and the Twitter API
0,Because the twitter api is slow and most clients arent good
0,yahoo answers can be a butt sometimes
2,is scrapbooking with Nic =D
2,RT Five Things Wolfram Alpha Does Better And Vastly Different Than Google 
2,just changed my default pic to a Nike basketball cause bball is awesome
1,Nike owns NBA Playoffs ads w LeBron Kobe Carmelo  
1,Next time Ill call myself Nike
1,New blog post Nike SB Dunk Low Premium White Gum
0,RT Was just told that Nike layoffs started today 
2,Back when I worked for Nike we had one fav word  JUST DO IT 
2,By the way Im totally inspired by this freaky Nike commercial
1,giving weka an app engine interface using the bird strike data for the tests the logo is a given
1,Brand New Canon EOS 50D 15MP DSLR Camera Canon 1785mm IS Lens  Web Technology Thread Brand New Canon EOS 5
2,Class The 50d is supposed to come today 
0,needs someone to explain lambda calculus to him 
0,Took the Graduate Field Exam for Computer Science today  Nothing makes you feel like more of an idiot than lambda calculus
2,SHOUT OUTS TO ALL EAST PALO ALTO FOR BEING IN THE BUILDIN KARIZMAKAZE 50CAL GTA ALSO THANKS TO PROFITS OF DOOM UNIVERSAL HEMPZ CRACKA
0,Yeahhhhhhhhh I wouldnt really have lived in East Palo Alto if I could have avoided it  I guess its only for the summer
2,Great Stanford course Thanks for making it available to the public Really helpful and informative for starting off
1,NVIDIA Names Stanfords Bill Dally Chief Scientist VP Of Research
1,New blog post Harvard Versus Stanford  Who Wins
2,work til 6pm lets go lakers
0,Damn you North Korea
0,Can we just go ahead and blow North Korea off the map already
0,North Korea please cease this douchebaggery China doesnt even like you anymore
0,Why the hell is Pelosi in freakin China and on whose dime
0,Are YOU burning more cash  than Chrysler and GM Stop the financial tsunami Where bailout means taking a handout
0,insects have infected my spinach plant 
0,wish i could catch every mosquito in the world n burn em slowlythey been bitin the shit outta me 2daymosquitos are the assholes of insects
0,just got back from church and I totally hate insects
0,Just got mcdonalds goddam those eggs make me sick O yeah Laker up date go lakers Not much of an update Well its true so suck it
2,omgg i ohhdee want mcdonalds damn i wonder if its open lol =
0,History exam studying ugh
0,I hate revision its so boring I am totally unprepared for my exam tomorrow  Things are not looking good
0,Higher physics exam tommorow not lookin forward to it much 
0,Its a bank holiday yet Im only out of work now Exam season sucks
0,Cheney and Bush are the real culprits 
0,Lifes a bitch and so is Dick Cheney
0,Dick Cheneys dishonest speech about torture terror and Obama Fred Kaplan Slate
0,The Republican party is a bunch of antiabortion zealots who couldnt draw flies to a dump  Neal Boortz just now on the radio
0,is Twitters connections API broken Some tweets didnt make it to Twitter
0,i srsly hate the stupid twitter API timeout thing soooo annoying 
2,I really liked Learning jQuery book is worth a look too
1,jQuery UI 16 Book Review 
2,Very Interesting Ad from Adobe by Goodby Silverstein amp Partners  YouTube  Adobe CS4 Le Sens Propre
2,Goodby Silverstein agency new site Great
2,RT Goodby Silversteins new site I enjoy it nice find
2,The ever amazing Psyop and Goodby Silverstein amp
2,top ten most watched on ViralVideo Chart  Love the nike campaign from Wieden amp
2,zomg I have a G2
2,Ok so lots of buzz from IO2009 but how lucky are they  a Free G2
2,just got a free G2 android at google io
2,Guess Ill be retiring my G1 and start using my developer G2 woot
1,At GWT fireside chat
2,I am happy for Philip being at GoogleIO today
2,Lakers played great  Cannot wait for Thursday night Lakers vs 
1,Hi there does anyone have a great source for advice on viral marketing
2,Judd Apatow creates fake sitcom on NBCcom to market his new movie viral marketing at its best
1,Heres A case study on how to use viral marketing to add over 10000 people to your list
0,VIRAL MARKETING FAIL This Acia Pills brand oughta get shut down for hacking into peoples messengers  i get 56 msgs in a day Arrrgh
2,watching Night at The Museum  Lmao
2,i loved night at the museum
1,going to see the new night at the museum  movie with my family oh boy a three year old in the movies fuin
2,just got back from the movies  went to see the new night at the museum with rachel  it was good
1,Just saw the new Night at the Museum movieit wasokaylol 710
1,Going to see night at the museum 2 with tall boy
2,I will take you on a date to see night at the museum 2 whenever you wantit looks soooooo good
2,no watching The Night At The Museum Getting Really Good
2,Night at the Museum Wolverine and junk food  perfect monday
2,saw night at the museum 2 last night pretty crazy movie but the cast was awesome so it was well worth it Robin Williams forever
1,I saw Night at the Museum Battle of the Swithsonian today It was okay Your typical kids Ben Stiller movie
1,Taking Katie to see Night at the Museum  she picked it
0,Night at the Museum tonite instead of UP  oh well that 4 yr old better enjoy it LOL
1,GM says expects announcment on sale of Hummer soon  Reuters WDSUGM says expects announcment on sale of Hummer 
0,Its unfortunate that after the Stimulus plan was put in place twice to help GM on the back of the American people has led to the inevitable
0,Tell me again why we are giving more  to GM We should use that  for all the programs that support the unemployed
0,oh yes but if GM dies it will only be worth more boo hahaha
0,Time Warner cable is down again 3rd time since Memorial Day bummer
0,I would rather pay reasonable yearly taxes for free fast internet than get gouged by Time Warner for a slow connection
0,NOOOOOOO my DVR just died and I was only half way through the EA presser Hate you Time Warner
0,Fck Time Warner Cable You fcking suck balls I have a 700 HD tv amp
0,time warner has the worse customer service ever I will never use them again
0,Time warner is the devil Worst possible time for the Internet to go out
0,Fuck no internet damn time warner
0,time warner really picks the worst time to not work all i want to do is get to mtvcom so i can watch the hills wtfffff
0,I hate Time Warner Soooo wish I had Vios Cant watch the fricken Mets game wo buffering I feel like im watching free internet porn
0,Ahhgot rid of stupid time warner today amp
0,Time Warners HD line up is crap
0,is being fucked by time warner cable didnt know modems could explode and Susan Boyle sucks too
1,Time Warner Cable Pulls the Plug on The Girlfriend Experience  wwwtinyurlcomm595fk
0,Time Warner Cable slogan Where calling it a day at 2pm Happens
1,Rocawear Heads to China Building 300 Stores  
1,Climate focus turns to Beijing The United Nations the US and European governments have called on China to coo
1,myfoxdc Barrie Students Back from Trip to China A Silver Spring high schools class trip to China has en
1,Three China aerospace giants develop Tianjin Binhai  New Area  229 B yuan invested  
1,GM CEO China will continue to be key partner
1,RT is now the time to buy a GM car
0,Recovering from surgerywishing was here 
2,My wrist still hurts I have to get it looked at I HATE the drdentistscary places  Time to watch Eagle eye If you want to join txt
1,Dentist tomorrow Have to brush well in the morning Like I make my hair all nice before I get it cut Why
0,THE DENTIST LIED  U WONT FEEL ANY DISCOMORT PROB WONT EVEN NEED PAIN PILLS MAN U TWIPPIN THIS SHIT HURT HOW MANY PILLS CAN I TAKE
0,my dentist is great but shes expensive=
1,Pet Dentist
2,is studing math 
0,my dentist was wrong WRONG
0,Going to the dentist later|
0,Son has me looking at cars online  I hate car shopping  Would rather go to the dentist  Anyone with a good car at a good price to sell
1,NCAA Baseball Super Regional  Rams Club
1,just started playing Major League Baseball 2K9
1,Cardinals baseball advance to Super Regionals Face CSFullerton Friday
1,Sony coupon code Expires soon
1,waiting in line at safeway
0,luke and i got stopped walking out of safeway and asked to empty our pockets and lift our shirts how jacked up is that
1,Did not realize there is a gym above Safeway
1,I have three words for you Safeway dot com
2,Safeway is very rock n roll tonight
1,Bout to hit safeway I gotta eat
1,Jakes going to safeway
1,Found a safeway Picking up a few staples
1,Safeway Supermarketing via mobile coupons
0,The safeway bathroom still smells like ass
0,At safeway on elkhorn they move like theyre dead
1,Your Normal Weight and How to Get There  Normal Eating Blog
1,Is Eating and Watching Movies
1,eating sashimi
1,is eating  home made yema
1,eating cake
2,i love Dwight Howards vitamin water commercial now i wish he was with NIKE and not adidas lol
0,Found NOTHING at Nike Factory  Off to Banana Republic Outlet
1,iPhone May Get Radio Tagging and Nike   Recentlyreleased iTunes version 82 suggests that VoiceOver functional
2,is lovin his Nike  already and thats only from running on the spot in his bedroom
1,Launched 
2,I finally got around to using jquery to make my bio collapse Yay for slide animations
1,RT The Ultimate jQuery List 
1,I just extracted and opensourced a jQuery plugin from Stormweight to highlight text with a regular expression
1,what was the php jquery hack
1,jQuery Cheat Sheet
1,Beginning JavaScript and CSS Development with jQuery
2,right LOL well get there I have high expectations Warren Buffet style
2,RT RT GREAT Someones sitting in the shade today because someone planted a tree a long time ago Warren Buffet
1,Warren Buffet on the economy
2,Warren Buffet became for a time the richest man in the United States not by working but investing in 1 Big idea which lead to the fortune
2,According to the create a school Notre Dame will have 7 receivers in NCAA 10 at 84 or higher rating  sweet
1,AllStar Basketball Classic Tuesday Features Top Talent Chattanoogas Notre Dame High School will play host
2,its definitely under warranty amp
1,RT Look Available Amazon Kindle2 amp Kindle DX Get it Here The Top Electronic Book Reader Period free 2 day ship 
0,Time Warner Road Runner customer support here absolutely blows I hate not having other highspeed net options Im ready to go nuclear
0,Time Warner cable phone reps r dumber than nails UGH Cable was working 10 mins ago now its not WTF
0,we tried but Time Warner wasnt being nice so we recorded today 
0,OMG  time warner fed up my internet install  instead of today  its now NEXT saturday  another week wo internet amp
0,wthi have never seen a line this loooong at time warner before ugh
0,Impatiently awaiting the arrival of the time warner guy Its way too pretty to be inside all afternoon
1,Man accosts Roger Federer during French Open
0,Naive Bayes using EM for Text Classification Really Frustrating
2,We went to Stanford University today Got a tour Made me want to go back to college Its also decided all of our kids will go there
1,Investigation pending on death of Stanford CS prof  Google mentor Rajeev Motwani tip
1,Im going to bed It was a successful weekend Stanford here I come
0,If youre being harassed by calls about your car warranty changing your number wont fix that They call every number
0,Just blocked United Blood Services using Google Voice They call more than those Car Warranty guys
0,
0,OH SNAP YOU WORK AT ATamp
0,i really dont want ATamp
0,I say we just cut out the small talk ATampTs new slogan Fk you give us your money Apologies to Bob Geldof
0,pissed about atamp
0,Safari 4 is fast  Even on my shitty ATamp
0,What is ATamp
0,ATamp
0,yay glad you got the phone Still damn you ATampT
1,Google Wave Developer Sandbox Account Request
0,Talk is Cheap Bing that Ill stick with Google
0,WTF is the point of deleting tweets if they can still be found in summize and searches Twitter please fix that Thanks and bye
1,have google profiles stopped showing up in searches cant see them anymore
2,I love Google Translator too  D Good day mate 
2,reading on my new Kindle2
2,My Kindle2 came and I LOVE it 
2,LOVING my new Kindle2  Named her Kendra in case u were wondering The cookbook is THE tool cuz it tells u all the tricks  Best gift EVR
0,The real AIG scandal 
1,Any twitter to aprs apps yet
1,45 Pros You Should Be Following on Twitter 
2,Obama is quite a good comedian check out his dinner speech on CNN  very funny jokes
2, Barack Obama shows his funny side  gtgt  Great speech
2,I like this guy   Barack Obama shows his funny side  gtgt 
2,Obamas speech was pretty awesome last night
2,Reading  Bill Clinton Fail  Obama Win
2,Obama More Popular Than US Among Arabs Survey President Barack Obamas popularity in leading Arab countries 
2,Obamas got JOKES haha just got to watch a bit of his after dinner speech from last night im in love with mr president 
0,LEbron james got in a car accident i guessjust heard it on evening newswow i cant believe itwill he be ok 
2,is it me or is this the best the playoffs have been in years oh yea lebron and melo in the finals
2,No Lebron is the best
2,LeBron is cool  I like his personalityhe has good character
2,Watching Lebron highlights Damn that niggas good
2,Lebron is MURDERING shit
2,LeBron is a monsta and he is only 24 SMH The world aint ready
2,when Lebron is done in the NBA he will probably be greater than Kobe Like u said Kobe is good but there alot of good players
2,KOBE IS GOOD BT LEBRON HAS MY VOTE
0,Kobe is the best in the world not lebron 
2,World Cup 2010 Access Damn thats a good look
2,Just bought my tickets for the 2010 FIFA World Cup in South Africa Its going to be a great summer
1,Share DisruptionFred Wilsons slides for his talk at Google HQ 
0,I have to go to Booz Allen Hamilton for a 2hr meeting   But then i get to go home 
2,The great Indian tamasha truly will unfold from May 16 the result day for Indian General Election
2,I have the Kindle2 Ive seen pictures of the DX but havent seen it in person I love my Kindle  Im on it everyday
2,Such an awesome idea  the  continual learning program with a Kindle2 
1,ok do nothing just thinking about 40D
2,Ooooh what model are you getting I have the 40D and LOVE LOVE LOVE LOVE it
2,The Times of India The wonder that is Indias election
2,Good video from Google on using search options
0,lol Ah my skin is itchy  damn lawnmowing
0,itchy back dont ya hate it
2,Stanford Charity Fashion Show a top draw
2,Stanford Universitys Facebook Profile is One of the Most Popular Official University Pages 
2,Lyx is cool
2,SOOO DISSAPOiNTED THEY SENT DANNY GOKEY HOME YOU STiLL ROCK DANNY  MY HOMETOWN HERO  YEAH MiLROCKEE
2,RT American Idol fashion Adam Lambert tones down Danny Gokey cute 
2,I love you DANNY GOKEY 
1,RT RT GM OnStar now instantly sends accident location coordinates to 911 | GPS Obsessed
0,so tired i didnt sleep well at all last night
0,Boarding plane for San Francisco in 1 hour
0,bonjour San Francisco My back hurts from last night
1,breakers in San Francisco CA
1,Heading to San Francisco
2,With my best girl for a few more hours in San francisco Mmmmmfamily is wonderful
0,F up big or go home  AIG
2,Went to see the Star Trek movie last night  Very satisfying
2,I cant wait going to see star trek tonight
2,Star Trek was as good as everyone said
2,am loving new malcolm gladwell book  outliers
2,I highly recommend Malcolm Gladwells The Tipping Point My next audiobook will probably be one of his as well
0,Malcolm Gladwell is a genius at tricking people into not realizing hes a fucking idiot
0,hey no offense but malcolm gladwell is a pretenious annoying cunt and he brings you down cant read his shit
2,RT  Great article by Malcolm Gladwell
2,I seriously underestimated Malcolm Gladwell  I want to meet this dude
0,i hate comcast right now everything is down cable internet amp
0,Comcast sucks
0,The day I never have to deal with Comcast again will rank as one of the best days of my life
0,did comcast fail again
1,How do you use the twitter API
0,curses the Twitter API limit
0,Now I can see why Dave Winer screams about lack of Twitter API its limitations and access throttles
1,testing Twitter API
0,Arg Twitter API is making me crazy
1,Testing Twitter API Remote Update
2,Im really loving the new search site WolframAlpha Makes Google seem so  quaint
0,Alpha SUCKS Even for researchers the information provided is less than you can get from or totally useless
2,Off to the NIKE factory
2,New nike muppet commercials are pretty cute Why do we live together again
1,New blog post Nike Zoom LeBron Soldier 3 III  White  Black  Teal
1,New blog post Nike Trainer 1
0,oh those are awesome i so wish they werent owned by nike 
2, AWESOME Seeing the show Friday at the Shoreline Amphitheatre Never seen NIN before Cant wait 
0,arhh Its weka bug = = and I spent almost two hours to find that out crappy me
2,hey bud  np I do so love my 50D although Id love a 5D mkII more
2,just got us a 50D for the office D
2,Just picked up my new Canon 50Dits beautiful  Prepare for some seriously awesome photography
2,Just got my new toy Canon 50D Love love love it
2,Learning about lambda calculus 
1,Help with taking care of sick child East Palo Alto CA
2,Im moving to East Palo Alto
2,atebits I just finished watching your Stanford iPhone Class session I really appreciate it You Rock
2,Hi Just saw your Stanford talk and really liked your advice Just saying Hi from Singapore yes the videos do get around
1,Admissions Tips Stanford GSB Deadlines and Essay Topics 20092010
1,Ethics and nonprofits  
2,LAKERS tonight lets go
2,Will the Lakers kick the Nuggets ass tonight
0,Oooooooh North Korea is in troubleeeee
0,Wat the heck is North Korea doing They just conducted powerful nuclear tests Follow the link
0,Listening to Obama Friggin North Korea
0,I just realized we three monkeys in the white ObamaBidenPelosi  Sarah Palin 2012
0,Pelosi should stay in China and never come back
0,Nancy Pelosi gave the worst commencement speech Ive ever heard Yes Im still bitter about this
0,ugh the amount of times these stupid insects have bitten me Grr
2,Prettiest insects EVER  Pink Katydids
0,Just got barraged by a horde of insects hungry for my kitchen light So scary
2,Just had McDonalds for dinner D It was goooood Big Mac Meal 
2,AHH YES LOL IMA TELL MY HUBBY TO GO GET ME SUM MCDONALDS =
2,Stopped to have lunch at McDonalds Chicken Nuggetssss  yummmmmy
2,Could go for a lot of McDonalds i mean A LOT
2,my exam went good your prayers worked 
2,Only one exam left and i am so happy for it D
0,Math review Im going to fail the exam
0,Colin Powell rocked yesterday on CBS Cheney needs to shut the hell up and go homePowell is a man of Honor and served our country proudly
0,obviously not siding with Cheney here
2,Absolutely hilarious from 
2,I never did thank you for including me in your Top 100 Twitter Authors You Rock amp
1,Learning jQuery 13 Book Review 
2,RT Awesome JQuery reference book for Coda
2,Ive been sending emails like crazy today to my contactsdoes anyone have a contact at Goodby SIlversteinId love to speak to them
1,Adobe CS4 commercial by Goodby Silverstein
2,Goodby Silversteins new site I enjoy it
2,Wow everyone at the Google IO conference got free G2s with a month of unlimited service
2,dood I got a free google android phone at the IO conference The G2
2,the G2 is amazing btw a HUGE improvement over the G1
2,HTML 5 Demos Lots of great stuff to come Yes Im excited 
2, Yay Happy place Place place  I love Google
2,| O3D  Bringing 3d graphics to the browser Very nice tbh Funfun
2,Awesome viral marketing for Funny People
1,Watching a programme about the life of Hitler its only enhancing my geekiness of history
0,saw night at the museum out of sheer desperation who is funding these movies
2,Night At The Museum 2 Pretty furkin good
2,Watching Night at the Museum  giggling
1,Jenna I went to see Night At The Museum 2 today and I was so surprised to see three cast members from The Office
1,About to watch Night at the Museum with Ryan and Stacy
1,Getting ready to go watch Night at the Museum 2  Dum dum you give me gum gum
0,Back from seeing Star Trek and Night at the Museum Star Trek was amazing but Night at the Museum was eh
2,just watched night at the museum 2 so stinkin cute
2,So Night at the Museum 2 was AWESOME Much better than part 1 Next weekend well see Up
1,I think I may have a new favorite restaurant On our way to see Night at the Museum 2
1,UP was sold out so im seeing Night At The Museum 2 Im  years old
2,saw the new Night at the Museum and i loved it Next is to go see UP in 3D
0,It is a shame about GM What if they are forced to make only cars the White House THINKS will sell What do you think
0,As u may have noticed not too happy about the GM situation nor AIG Lehman et al
1,Obama Nationalization of GM to be shortterm   AP
0,GM good riddance  sad though
0,I Will NEVER Buy a Government Motors Vehicle Until just recently I drove GM cars Since 1988 when I bought a 
0,Having the old CocaCola guy on the GM board is stupid has heck
0,The worst thing about GM concord  pleasant hill  martinez is the fucking UAW   
0,Give a man a fish u feed him for the day Teach him to fish u feed him for life Buy him GM and u FK him over for good
0,The more I hear about this GM thing the more angry I get Billions wasted more bullshit All for something like 40k employees and all the
0,i own a GM car and it is junk as far as quality compared to a honda
0,sad daybankrupt GM
0,is upset about the whole GM thing life as i know it is so screwed up
0,whoever is running time warner needs to be repeatedly raped by a rhino so they understand the consequences of putting out shitty cable svcs
1,Time Warner CEO hints at online fees for magazines      AP  Read from Mountain ViewUnited States Views 16209
0,Joining a bit late My connection was down boo time warner
0,Cox or Time Warner  Cox is cheaper and gets a B on dslreports  TW is more expensive and gets a C
0,i am furious with time warner and their phone promotions
0,Just got home from chickfila with the boys Damn my internets down = stupid time warner
0,could timewarner cable suck more  NO
0,Pissed at Time Warner for causin me to have slow internet problems
0,Ummm having some Time Warner problems
0,You guys see this  Why does Time Warner have to suck so much ass  Really wish I could get UVerse at my apartment
0,RT The upside to Time Warner unhelpful phone operators   superslow onsite service Crap thats not an upside
0,RT New Time Warner slogan Time Warner where we make you long for the days before cable
0,confirmed its Time Warners fault not Facebooks that fb is taking about 3 minutes to load so tempted to switch to verizon =
0,Time Warner = epic fail
1,Lawson to head Newedge Hong Kong
1,Weird Piano Guitar House in China
1,Send us your GMChevy photos
0,I know How sad is that  RT 1st day of hurricane season Thats less scarey than govt taking over GM
0,GM files Bankruptcy not a good sign
2,yankees won mets lost its a good day
2,My dentist appt today was actually quite enjoyable
0,I hate the effing dentist
1,i had a dentist appt this morning and had the same conversation
0,I hate going to the dentist 
0,i hate the dentistwho invented them anyways
0,this dentists office is cold 
1,Check this video out  David After Dentist
1,First dentist appointment in years on Wednesday possibly
1,Tom Shanahans latest column on SDSU and its NCAA Baseball Regional appearance
1,BaseballAmericacom Blog Baseball America Prospects Blog  Blog 
1,Portland city politics may undo baseball park
1,RT CA Merceds water bottled by Safeway resold at a profit Wells are drying up across the county
1,dropped her broccoli walking home from safeway 
1,we dont have Safeway
2,Just applied at Safeway Yeeeee
0,Safeway Place is a nightmare right now Bumming
1,at safeway with dad
0,HATE safeway select green tea icecream bought two cartons what a waste of money  gtlt
1,Safeway with Marvin Janelle and Auntie Lhu
1,Safeway offering mobile coupons
1,Phillies Driving in the Cadillac with the Top Down in Cali Win 53 
1,Saved money by opting for grocery store trip and stocking food in hotel room fridge vs eating out every night while out of town
1,Lounging around eating Taco Bell and watching NCIS before work tonight Need help staying awake
1,eating breakfast and then school
1,still hungry after eating
1,10 tips for healthy eating  ResultsBy Fitness Blog  Fitness 
1,with the boyfriend eating a quesadilla
1,Eating dinner Meat chips and risotto
1,got a new pair of nike shoes pics up later
1,Nike SB Blazer High ACG Custom  Brad Douglas 
2,Nike rocks Im super grateful for what Ive done with them  amp
1,Nike Air Yeezy KhakiPink Colorway Release 
2,have you tried Nike   V addictive
1,That looks an awful lot like one of Nikes private jetsIm just sayin
2,The Nike Training Club beta iPhone app looks very interesting
0,argghhhh why wont  my jquery appear in safari bad safari 
1,DevSnippets  jQuery Tools  Javascript UI Components for the Web
1,all about Ajaxjquery css JavaScript and more many examples
2,Im ready to drop the pretenses I am forever in love with jQuery and I want to marry it Sorry ladies this nerd is jqueryspokenForjs
1,This is cold I was looking at googles chartvisualization API and found this jQuery wrapper for the API 
1,I spent most of my day reading a jQuery book Now to start drinking some delirium tremens
1,jquery Selectors
1,How to implement a news ticker with jQuery and ten lines of code
1,Whats Buffet Doing Warren Buffett Kicks Butt In Battle of the Boots Posted ByAlex Crippe
2,SUPER INVESTORS A great weekend read here from Warren Buffet Oldie but a goodie
1,Im truly braindead  I couldnt come up with Warren Buffets name to save my soul
2,reading Michael Palin book The Python Yearsgreat book I also recommend Warren Buffet amp Nelson Mandelas bio
2,I mean Im down with Notre Dame if I have to  Its a good school Id be closer to Dan Id enjoy it
0,I cant watch TV without a Tivo  And after all these years the TimeWarner DVR  STILL sucks
2,Id say some sports writers are idiots for saying Roger Federer is one of the best ever in Tennis  Roger Federer is THE best ever in Tennis
0,I still love my Kindle2 but reading The New York Times on it does not feel natural I miss the Bloomingdale ads
2,I love my Kindle2 No more stacks of books to trip over on the way to the loo
0,Although todays keynote rocked for every great announcement ATampT shit on us just a little bit more
0, its not so much my obsession with cell phones but the iphone  im a slave to atampt forever because of it 
1,oh I see I thought ATamp
1,Where did you read about tethering support Phil  Just ATamp
0,Fuzzball is more fun than ATamp
0,Today is a good day to dislike ATampT Vote out of office indeed
2,GOT MY WAVE SANDBOX INVITE Extra excited Too bad I have class now but Ill play with it soon enough
0,looks like summize has gone down too many tweets from WWDC perhaps
1,I hope the girl at work  buys my Kindle2
1,Missed this insightfilled May column One smart guy looking closely at why hes impressed with Kindle2
2,Thanks so much from one of your very happy Kindle2 winners   I was so surprised fabulous Thank you Best Kathleen
0,Man I kinda dislike Apple right now Case in point the iPhone 3GS Wish there was a video recorder app Please
2,I have a Kindle2 amp
2,The seems the best eReader but will it work in the UK and where can I get one
2,I have a google addiction Thank you for pointing that out Hahaha
1,My primary debit card is Visa Electron
1,Off to the bank to get my new visa platinum card
0,dearest you rich bastards the VISA card you sent me doesnt work why screw a little guy like me
1,has a date with bobby flay and gut fieri from food network
2,Excited about seeing Bobby Flay and Guy Fieri tomorrow at the Great American Food amp
2,Gonna go see Bobby Flay 2moro at Shoreline Eat and drink Gonna be good
2,cant wait for the great american food and music festival at shoreline tomorrow  mmmkatz pastrami and bobby flay yes please
2,My dad was in NY for a day we ate at MESA grill last night and met Bobby Flay So much fun except I completely lost my voice today
0,Fighting with LaTex Again
0,we love you too and dont want you to die  Latex = the devil
0,7 hours 7 hours of inkscape crashing normally solid as a rock 7 hours of LaTeX complaining at the slightest thing I cant take any more
1,How to Track Iran with Social Media
0,Shits hitting the fan in Irancraziness indeed
0,Monday already Iran may implode Kitchen is a disaster seems happy had a nice weekend and is great whoop
1,Twitter Stock buzz AAPL ESF SPY SPX PALM  updated 1200 PM
2,getting ready to test out some burger receipes this weekend Bobby Flay has some great receipes to try Thanks Bobby
1,is Bobby Flay joining you
2,i lam so in love with Bobby Flay he is my favorite RT you need a place in Phoenix We have great peppers here
0,I just created my first LaTeX file from scratch That didnt work out very well See  its a great time waster
2,using Linux and loving it  so much nicer than windows Looking forward to using the wysiwyg latex editor
2,After using LaTeX a lot any other typeset mathematics just looks hideous
1,Ask Programming LaTeX or InDesign submitted by calcio1 link 1 comment
0,On that note I hate Word I hate Pages I hate LaTeX There I said it I hate LaTeX All you TEXN3RDS can come kill me now
2,Ahhh back in a real text editing environment I lt
0,Trouble in Iran I see Hmm Iran Iran so far away
0,Reading the tweets coming out of Iran The whole thing is terrifying and incredibly sad
0, Awww thats a bummer  You shoulda got David Carr of Third Day to do it D
0,is upset that he cant update his Facebook by texting it and might cry as a result  School today also Blah
0,I dived many times for the ball Managed to save 50  The rest go out of bounds
0,my whole body feels itchy and like its on fire 
0,no its not behaving at all im mad why am i here because I cant see you all over there 
0,not the whole crew 
0,Need a hug 
0,hey  long time no see Yes Rains a bit only a bit  LOL  Im fine thanks  hows you 
0,nope they didnt have it 
0,que me muera  
0,spring break in plain city its snowing 
0,I just repierced my ears 
0,I couldnt bear to watch it  And I thought the UA loss was embarrassing     
0,It it counts idk why I did either you never talk to me anymore 
0,i wouldve been the first but i didnt have a gun    not really though zac snyders just a doucheclown
0,I wish I got to watch it with you I miss you and  how was the premiere
0,Hollis death scene will hurt me severely to watch on film  wry is directors cut not out now
0,about to file taxes 
0,ahh ive always wanted to see rent  love the soundtrack
0,Oh dear Were you drinking out of the forgotten table drinks 
0,i was out most of the day so didnt get much done 
0,one of my friend called me and asked to meet with her at Mid Valley todaybut ive no time sigh 
0,I baked you a cake but I ated it 
0,this week is not going as i had hoped 
0,blagh class at 8 tomorrow 
0,I hate when I have to call and wake people up 
0,Just going to cry myself to sleep after watching Marley and Me  
0,im sad now  MissLilly
0,ooooh LOL  that leslie and ok I wont do it again so leslie wont  get mad again 
0,Meh Almost Lover is the exception this track gets me depressed every time 
0,some1 hacked my account on aim  now i have to make a new one
0,I want to go to promote GEAR AND GROOVE but unfornately no ride there  I may b going to the one in Anaheim in May though
0,thought sleeping in was an option tomorrow but realizing that it now is not evaluations in the morning and work in the afternoon 
0,awe i love you too 1 am here  i miss you
0,I cry my asian eyes to sleep at night 
0,ok Im sick and spent an hour sitting in the shower cause I was too sick to stand and held back the puke like a champ BED now 
0,ill tell ya the story later  not a good day and ill be workin for like three more hours
0,sorry bed time came here GMT+1  
0,I dont either Its depressing I dont think I even want to know about the kids in suitcases 
0,Bed Class 812 Work 123 Gym 35 or 6 Then class 610 Another day thats gonna fly by I miss my girlfriend 
0,really dont feel like getting up today but got to study to for tomorrows practical exam 
0,Hes the reason for the teardrops on my guitar the only one who has enough of me to break my heart 
0,Sad sad sad I dont know why but I hate this feeling  I wanna sleep and I still cant
0,Awww I soo wish I was there to see you finally comfortable Im sad that I missed it 
0,Falling asleep Just heard about that Tracy girls body being found How sad  My heart breaks for that family
0,Yay Im happy for you with your job But that also means less time for me and you 
0,Just checked my user timeline on my blackberry it looks like the twanking is still happening  Are ppl still having probs w BGs and UIDs
0,Oh manwas ironing fave top to wear to a meeting Burnt it 
0,is strangely sad about LiLo and SamRo breaking up 
0,oh im so sorry  i didnt think about that before retweeting
0,Broadband plan a massive broken promise via wwwdiigocomtautao Still waiting for broadband we are 
0,Wow tons of replies from you may have to unfollow so I can see my friends tweets youre scrolling the feed a lot 
0,our duck and chicken are taking wayyy too long to hatch 
0,Put vacation photos online a few yrs ago PC crashed and now I forget the name of the site 
0,I need a hug 
0,Not sure what they are only that they are PoS As much as I want to I dont think can trade away company assets sorry andy 
0,I hate when that happens 
0,I have a sad feeling that Dallas is not going to show up  I gotta say though youd think more shows would use music from the game mmm
0,Ugh92 degrees tomorrow 
0,Where did u move to  I thought u were already in sd  Hmmm Random u found me Glad to hear yer doing well
0,I miss my ps3 its out of commission  Wutcha playing Have you copped Blood On The Sand
0,just leaving the parking lot of work 
0,The Life is cool But not for Me 
0,Sadly though Ive never gotten to experience the post coitus cigarette before and now I never will 
0,I had such a nice day Too bad the rain comes in tomorrow at 5am 
0,too bad I wont be around I lost my job and cant even pay my phone bill lmao aw shucks 
0,Damm back to school tomorrow 
0,Mo jobs no money  how in the hell is min wage here 4 fn clams an hour
0, Not forever See you soon
0,agreed I saw the failwhale allllll day today 
0,Oh Haha dude I dont really look at em unless someone says HEY I ADDED YOU Sorry  Im so terrible at that I need a pop up
0,Im sure youre right    I need to start working out with you and the Nikster Or Jared at least
0,i really hate how people diss my bands  Trace is clearly NOT ugly
0,Gym attire today was Puma singlet Adidas shortsand black business socks and leather shoes  Lucky did not run into any cute girls
0,Why wont you show my location  
0,No picnic  my phone smells like citrus
0,My donkey is sensitive about such comments Nevertheless hed and med be glad to see your mug asap Charger is still awol 
0,No new csi tonight  FML
0,i think my arms are sore from tennis 
0,wonders why someone that u like so much can make you so unhappy in a split seccond  depressed  
0,sleep soon i just hate saying bye and see you tomorrow for the night 
0,just got ur newsletter those fares really are unbelievable shame I already booked and paid for mine 
0,missin the boo 
0,Me too 
0,Damn I dont have any chalk MY CHALKBOARD IS USELESS 
0,had a blast at the Getty Villa but hates that shes had a sore throat all day Its just getting worse too 
0,hey missed ya at the meeting  sup mama
0,My tummy hurts  I wonder if the hypnosis has anything to do with it If so its working I get it STOP SMOKING
0,why is it always the fat ones 
0,Sorry babe  My fam annoys me too Thankfully theyre asleep right now Muahaha evil laugh
0,I should have paid more attention when we covered photoshop in my webpage design class in undergrad 
0,wednesday my bday dont know what 2 do 
0,Poor cameron the hills 
0,pray for me please the ex is threatening to start sh at myour babies 1st Birthday party what a jerk and I still have a headache 
0,hmm   do u really enjoy being with him  if the problems are too constants u should think things more  find someone ulike
0,Strider is a sick little puppy 
0,so ryleegracewana go steves party or not SADLY SINCE ITS EASTER I WNT B ABLE 2 DO MUCH  BUT OHH WELL
0,hey I actually won one of my bracket pools Too bad it wasnt the one for money 
0,YOU dont follow me either  and i work for you
0,A bad nite for the favorite teams Astros and Spartans lose  The nite out with TW was good
0, Body Of Missing Northern Calif Girl Found Police have found the remains of a missing Northern California girl 
0,I hope they will increase the capacity fast yesterday was such a pain Got the fail whale +15 times in 2 hours 
0,Behind on my classes for work 
0,watching quot
0,Remember my bum leg Strikes back this time its serious 
0,cool i will their are all kinds of complaints about this laptop online about overheating but no recalls 
0,Emily will be glad when Mommy is done training at her new job She misses her 
0,would rather the first party send bad messages than the 3rd party send mixed ones  Sophmore year all over again
0,its overrated 
0,i know I heard it this afternoon and wondered the same thing Moscow is so behind the times 
0,laying in bed with no voice 
0,Im sooo sad they killed off Kutner on House  whyyyyyyyy
0,Sorry  tell them mea culpa from me and that I really am sorry
0,it didnt make any sense to me the suicide thing I refuse to believe that that is actually what happened 
0, hope your ok
0,Damn The grind is inspirational and saddening at the same time  Dont want you to stop cuz I like what u do Much love
0,yeah aw but i know i wudnt stand a chance 
0,ugh cant sleep its 130am 
0,Hanging in Crooners Wanna sing Cant Sucks 
0,aaw i miss ya all too im leaving to BH tomorrow quot
0,Is pissed off that theres no ASBAs for a radio station 
0,wednesday my bday n dont know what 2 do  
0,I know my life has been flipped upside down when I just thought in my head that some Ramen sounds good 
0,I am in pain My back and sides hurt Not to mention crying is made of fail 
0,Late night snack glass of OJ bc Im quotdown with the sicknessquot then back to sleepugh I hate getting sick 
0,but but but Im not a big fan on camilla belle 
0,WAH I cant see clip must be elstupido work filters Cant wait till I get a puter Something else 2 blame ex 4 He broke mine 
0,This week just seems to get longer and longer in terms of how much I need to do and how much Im actually going to get done 
0,Im so cold 
0,Ehhh dont Weathers gonna take a turn for the ugly tomorrow 
0,haha its so cooooold in the d and no  but you should still go to the show they do some incredible stuff
0,Hoping the tummy rumbles go away soon 
0,No no notice They told me Id be working tomorrow and then I called the agency to follow up and they said it was over 
0,almost bedtime 
0,Im missing you babe  but as long as your alive Im happy Yawwwnn Im tired my love imma try to sleep hopefully you had a headstart
0,Aghsnow 
0,i miss kenny powers 
0,Thank you for letting people know but now Im sad that the direct message I got wasnt actually from Bridget 
0,and India missed out its 100th Test victory n 10th consecutive win without a loss 
0,I guess thats a no then 
0,sadly is going to bed 
0,Shame to hear this Stephan 
0,hey im leavin in the morning 
0,Was intending to finish editing my 536page novel manuscript tonight but that will probably not happen And only 12 pages are left 
0,laid around too much today now my head hurts 
0,I still havent read the 9thamp
0,my nokia 1110 died  
0,My mom might have breast cancer wont find out anything for Like a week Im so worried 
0,Going to sleep Hoping tomorrow is a better day 
0,lol wish they understood daylight savings has ended though and breakfast is an hour later  They keep waking the kids up too
0,that is lame 
0,I dont understand I really dont 
0,HEROES just isnt doing it for me this season 
0,Living not downtown sure isnt much fun  
0,Not calorie wise   I wish junk food was calorie free I ate a thing of sour skittles and a big ass cherry coke
0,Man Work is Hard 
0,getting sick  time for some hot tea studying and then sleeeep
0,Getting eyebrows waxed More pain 
0,No phantasy star yesterday  going to work
0,Oh  Just got all my MacHeist 30 apps  sweet Didnt get the Espresso serial no though although they said they sent it  oh well 
0,Picked Mich St to win it all from the get go  Was feeling pretty good about that pick all the way up untiltonight  As lost too 
0,is alone downstairsworking 
0,I feel bad for doing it 
0,is it just me or she hates anoop i mean seriously shes kinda mean to him 
0,yes sprint has 4g only in baltimore and chicago so far 
0,Im stuck awake in the middle of the night for the second day in a row And I felt terrible yesterday 
0,Thanks for bursting my bubble 
0,Going to school soon cant find anything to wear gosh its so hard 
0,I was serious  LOL
0,I had on my page for sooooo long Until it got deleted  Sad day in history
0,Crazy wind today = no birding 
0,currently at work 
0,Grrr my ipods acting weird too Jai ho and thinking of you arent playing the full songs ughh 
0,send me the DVD cos I have missed out on heaps  NOT happy about that
0,i dont see the big deal with this website 
0,Im so sorry youre having to go through this Again 
0,Far too out of the way for rail  any other tips
0,Im not still up I swear Why do I keep losing gaining losing gaining tweeps  So heart wrenching
0,Today I realized I am too good at hiding things even I cant find it 
0,Staying at a friends househouse sitting neighbors are SO loudhaving a party 
0,danny im upset that i wasnt here to watch the live chat  i was in a car for 3 hours on a trip im soooo upset
0,Check out my mug 
0,Borders closed at 10 
0,Downloading NINs new album quot
0,Just woke up an already have written some email Ive to go early at University today as I have to teach at 830 AM 
0,is watching the hill   and its making me sad 
0,So many channels yet so so boring lazy day again  may have to find a hobby
0,I miss my buddy  ill be in NY on the 25th
0, love the french I tell people here in the south im qtr french and they snarl at me  french are beautiful people
0,Opps As I said I still got one day remain and now problem come 
0,I activated my Selfcontrol block early meaning I cant check out the new QC  Regularizing my internal clock is might be difficult
0, oH NO
0,spencer is not a good guy 
0,What about Reese dying on And season finale next week  boring Madame President is a crazy woman
0,I hate the limited letterstooHope you and the guys are fineI pray for my dogshe�s not well 
0,didnt get shit done today  im so screwed 
0,wanttss to go out 
0,Is not going to sleep tonite 
0,too worried and tired to post tonight 
0,couldnt get shit done today  im so screwed 
0,Job Interview in Cardiff today wish me luck Got about 3 hours sleep 
0,Your show is whack Way worse than whack its wiggetywhack    
0,I really dont think people choose to be that way But I think he chose not to accept my familys help   He might be dead by now
0,Youre going to kill me but Ive not seen DS9 Ive been waiting till I can do it in one solid week sitting 
0,i think ur right hahaha 45 hrs now 
0,i hate to see the spartans so sad 
0,My mind and body are severely protesting this quot
0,Im goin to follow u since u didnt  LOL  GO ANGELS
0,
0,I think I want to read some books but the library doesnt have them 
0,My nap was interrupted so many times today  Going out for Japanese with the rents again
0,Kind of longs for the bus that shows up at the end of Ghost World right now Ugh 
0,but this is canada  canada is weird were supposed to get snow through wednesday ugh
0,Awwh babs you look so sad underneith that shop entrance of quot
0,sad that the feet of my macbook just fell off 
0,Im gonna get up late tomorrow and its 132am here I gonna get tipsy by my lonesome Thatsthats just sad 
0,Im sweating my forthcoming trip to E3  If I cant find someone to crash with while Im out there I may be screwed  
0,Has now gotten somebody to read his tweets but cant get them to make an account 
0, omgawd i couldnt handle my cat being in heat all the time D D
0,I hope i can make it to the auburn show but its not looking good for me 
0,thats people mag haha i couldnt fit it all in i dont think those pictures ever made it in the magazine tho  haha
0,Congrats  i totally forgot to submit photos 
0,awww Good luck Paula Please dont work too hard  but I hope you have fun  Your new album is gonna be amazing  xxx
0,now your leaving me   gets sad
0,I miss you twitter My phone broke now Im using a stupid Nokia phone Ughhh I miss my advance phone 
0,SHOOTING OUTSIDE MY HOUSE O NOT KIDDING So SCARED 
0,Tuesday�ll start with reflection �n then a lecture in Stress reducing techniques That sure might become very useful for us accompaniers 
0,What tragedy and disaster in the news this week 
0,yes yes still trying to find a picture that will upload correclty 
0,Why oh why was the Red Sox game rained out I was so looking forward to opening day 
0,I still cant find my keys 
0,I know right I dunno what is going on with twitter 
0,might be getting a sore throat again 
0,  my home town My mammy called all depressd  Pls explain y a parent let their 8yr old child walk alone Hello Its 2009
0, I think I need to find better antidepressants  I think this PaxilWellbutrin combo is losing its efficacy  
0,Restaurant called WoodNTap has competitive eating tourney round tourney time We place 2nd 
0,is in the bathroom wake up lakin 
0,i want tacos and margarhitas  telll gay i say hellolt
0,im lonely  keep me company 22 female california
0,bad day at the betfair office 
0,I miss him  Cant wait to celebrate the Tar Heel win this weekend though
0,Im really cold I dont want to go to sleep yet but theres nothing to do 
0,is this it 4 u Its  officially over  4 me this go round 
0,monkeys i just found out you my twin and you wont even write back  im heartbroken
0,Aww  I know I felt like that yesterday at work 
0,treaty isnt defined 
0,missed Brent at praise band   No fun to not have the your lead guitarist  lt
0,poor john  this is what happens when you play with fruit and a microwave Seriously though HAVE you seen a doctor Xxx
0,Missing My BFF  watching home and away it reminds me of her and me  we lt
0,  
0,New video card is DOA 
0,feeling lost naked and confused JK sort ofno iphone for me 
0,Damn i am so late at filling this appraisal form people have almost sent it  i was so occupied in work 
0,missed Brent at praise band  No fun to not have your lead guitarist lt
0,i think to much on the past i cant change it i deserved so much more then wat i got but why am i still thinking about him  gah
0,has lost his ring Its nowhere to be seen 
0,Ooooooh sealclap See I download shitloads of zip folders off 4chan I have no internet moneys  FUCK YEAH ALICIA amp MIKEY
0,Is still nursing my Nile but glad he is feeling better I hate when my baby is sick 
0,Is fucked to go back to IC 
0,yoyoyo my internet has been rude tonight it JUST reconnected and Im about to go to bed 
0,well i have uni stuff and netball  but after netbal if ive done uni stuff we can
0,Me too I is poor 
0,help me forget 8th april amp
0,dierks bentley is comin to columbus OH i wanna go so bad 
0,i have to take my sidekick back 
0,congrats Im totally jealous only wish my XM was working 
0,gr8t my face is very itchy 
0,poor socks  luvvvvv the golden retriever I want one sighhhh
0,I just saw that they found that Tracy girl in a piece of luggage How fucking terrible 
0,Aaaaand the nausea is back 
0,ooh I�m excited and not even going 2 be there  long love YOUTUBE
0,spent 1 hour to reach to Axis bank only to find out today is holiday for Mahavir Jayanti  contd
0, i agree the jobros dont update theres very often 
0,it is hilarious and I linked the clip from LJ some time ago but when I went back just now it was a dead link 
0,OOOOOOOO who with im not neither but thats because i need to study  
0,Havent tweeted nearly all day  Posted my website tonight hopefully that goes well  Night time
0,I miss bentley 
0,seriously needs to finish these job applications 
0,My son Vincas is sick so I stay at home  Just three tense days at work and I am back on holiday with kids
0,Whinging My clientamp
0,I dont want him to ever punch me  
0,sooo sick of the snow  ughh
0, 
0,it doesnt work your fan is upset 
0,I would like to apologize for the repeated Video Games Live related tweets I am going to have a stern discussion with Koodo soon Stern 
0,but i cant figure out how to get there  back  pay for a hotel etc 
0,FML So much for seniority bc of technological ineptness I now have to quotregisterquot for classes AGAIN 
0,feels like she slept the day away    Not looking forward to any more bouts with my gallbladder  At least I have pills now for the pain
0,but what I really want is my old bass back 
0,Mad tired today Callin it in early tonight  nighty night twittas
0,Take it easy and be good to you 
0,Im afraid I had bad code 
0,Think Im going to bed Goodniight I hate this 
0, im here friend and i love you
0, All this time you didnt notice I was gonejust needed DB2 is it
0,is in the bathroom and i have to pee    
0,but I wanted a margarita too 
0,yup night workouts r the worst but unfortunetly my work schedule only allows me to go at night  its tough
0,Just called Hillsong again  they said they couldnt tell me where I was on the waiting list  I dont know if its looking so good 
0,has 0g of milky bar left and around 200ml of coke 
2,have you had your hair cut it looks really good 
2,thx 
2,Getting ready to take kids to the farm 
2,2 drunken besties stumble into my room and we run around with sober CJ and drunk Hope knocking on doors Good times at 3am 
2,Right laters everyone I am off for my next Bowen treatment will be gone a few hours have a good morning 
2,How did the interviewing go today Did she get your seal of approval 
2,do you like spongebob amp only like 17 days until mcfly edinburgh then the next day glasgow then the next day newcastle yaldy 
2,you dont have to bring anything  its yr place 
2,Gooooooood morning 
2,says just watched Mall Cop 
2,Thinking of a hamsty bank account  Thats a good idea to save 
2,Ok thanks I am not getting off Twitter just yet 
2,Hey its 5 amgive a girl some credit for trying 
2,is going to take a nap before going for BM tuition 
2,tweet dreams 
2,I really like the photo Nice interview too 
2,Long Live Life 
2,Cant wait until the new Star Trek movie comes out looks good 
2,yeah  I watched your blog tv today my wife was the one who told you I wanted you as a pet Lmao have a good night
2,im gonna watch TM 2 c wot they hav 2 say bout TWITTER yor show was brilliant as ever this mornin  katie x 
2,while im fuckin at it buy a shirt please 
2,Interesting a digital engagement peep Good to know theyre engaging with people at the coal face 
2,Fuck it I cant sleep Going shopping today 
2, but 26 characters  Yr last tweet wouldnt have made the cut 
2,Landed in Belfast Its wee this wee that 
2,nah I think going sideways is best really helps when dodging bullets 
2,id like to be linked on your site 
2,Back home and finished dinner Just stopped by for a minute still much to do tonight Be back later 
2,youre welcome It was a great way to be introduced to your music 
2,Have you been overdoing the William Gibson novels 
2,is off to Dundrum with Martin 
2,hahah yeah see i told you coffee beans chocolate ice blended is way better let me know hows the show tonight 
2,Haha flight of the conchords was so bloody hilarious last night 1010  chur chur
2,Im greatsomebody saidquotu speak out of the right side of your mouthquot ohit was randomI think You have sweet talkingdear 
2,night Kelly  x
2,we are planning our first one this year egg hunt that is 
2,yeah cool bookshelves Ive got the one with the various books that are pinned to the wall 
2,our barefoot range is a great alternative when you need to wear shoes  they allow you foot move as though it were barefoot 
2,Asking everyone to send out happy headfirst vibes to  
2,hahaha  how is everyone
2,thats a big one 
2,i like the picture 
2,awww sweetness But hes still a cutie 
2,everyone should follow me         AND feed me mexican everyday
2, have a nice day to 
2,12 hr debugging for a CSS problem on a colleagues computer before I remembered that I installed IE8 on my PC a couple of weeks ago 
2,checking out virtual box looks quite nice 
2,Thats on GH3 Send it later  since you completley missed Fridays lyrics 
2,
2,thanks for the help i have realized that   Now I need you to make it work
2,ill be in london today Wave if you see me 
2,Watch this space Not sure how viable it is yet Possibly though 
2,trying to find something formal to wear in a casual closet jeans and popculture shirt will do good enough 
2, 
2,Noticed something interesting about this emoticon  vs D  Totally different emotions only difference is the placement of the eyes
2,They dont do them in my size  How r u
2,Just bought 2 new reads  The Ten Commandments For Business Failure and More Softies 22 New Friends For You To Sew And Crochet 
2,oh pants Im hanging out with the old folks back  in England   Defo b up 4 1 when I get back tho 
2,Won my first game of settlers  and I didnt even realize I could have won the pound before haha
2,because of youReba Mcentire amp
2,lol supp it aint fucked 
2,Coming home  stoked bears this afternoon with mikeyj Alton towers tomorrow
2,Moody Woods is absolutely awesome 
2,checking out twitter to see what i have heard is true 
2,im going to buy my slam dunk ticket today 
2,lol wwwtvcom is your FRIEND 
2,I hope youre planning a kennel launch party 
2,When will pidgin integrate otrencryption as a standard component like adium does I will really appreciate that 
2, ohhh sending loads of Positive vibes your way 
2, ooo i remember this one Picnic on the top of sennen with your burnt sausages 
2,Goooooood morning TwitterWorld 
2,Ooh Ive never been to the Alameda flea market Must check it out Thank you 
2,Aww thats really sweet of you I hope you will come back to the UK would be great to see you again  xxx
2,With mainstream medias reporting amp the increasing occurrence of the fail whale you know eventually your friends will catch on 
2,phone againn 
2,recorded what 
2,quotI friggin love youquot  Ron Burgundy riding a unicorn 
2,Home sweet home  shower time
2,mhm up ohh early for me amp
2,support for making the world better place 
2,Had to follow after reading that tweet about quot
2,thats right unc  what a game
2,thAs goOdi ThInk i MigHt Go HaVe fuN too 
2,nearly holidays    on the other hand camping D D D
2,1300 words 
2,dunno what u just said but i like it 
2,O Yes i aM For Sure Am sooo happy that he checked it out AgaiN What TiMe Onish  Jaaaaaah  Lolm 
2,Showcase Quick VIP romm on Thursday 
2,jooooordan happy birthdaaaay  enjoy the day and party a loot 
2,I think he got our descriptions mixed up Bugmum  Either that or you gotta tease him more treat em mean
2,feeling very happy with the giant box of chocolates that arrived this morning  Easter is a wonderful but underrated holiday 
2,and then i stole that shirt and sold it on ebay 
2,Happy Birthday eat something good 
2,famp
2,Hmmmnot goodcarrot juice and marmalade on toast may help 
2,haha me too it reminds me and my daddy of the monkees old show   same here cant wait  lol WHATTT
2,that penclip is soooo cool 
2,No just one shortly before the soap awards judging starts 
2,Thanks 
2,If any of you are having a boring Easter then send me a note on msn  I love to chat with people My msn is ninaalbertsengmailcom
2,photoboth is black and white and wayyyyy old we call him Herbert lol I love him hes like a living legend  gotta love Berlin lt3
2,Off to the bakery to buy yummy stuff 
2,n i got yr pic posing in the server room  
2,love the way skype fades music back in when a call ends im so easily impressed 
2,And you can tell me that youre sorry but I dont believe you baby like I did before Youre not sorry 
2,A day researching prices for a buffet Mrs CM is doing on Friday Heard yesterday that the deal for our new shop is finally progressing 
2,WHOA I WANT SOME TOO 
2,sitting in the sun baking in 30 degrees  wonderful 
2,is watching some of his old stuff on Youtube ahhh the memories 
2,Showcase Quick VIP room on Thursday 
2,overwhelmed and enjoy it 
2,thanks Matt Im glad you like it  no algorithmic music gigs planned so far though 
2,
2,Ooh SnowboardLite is such a fun app 
2,it is The pizza place is standing room only around dinnertime They had a pizza named after me the Woo 
2,Could be  mine grew out down my back and then all fell off 
2,horror scope quot
2,busy dayupdate tonight 
2,Oh yeah i forgot what colour dress should i get for the ball The theme is quotLas Vegasquot   please reply
2,  Good morning  
2,he is a son of one of my friends 
2,quot
2,a friend i knew online from last night finally added me up on his messenger 
2,typical metro cant even get that right 
2,Caffeinated and happy   
2,Installing meebO at Now you can talk with me when I am online 
2,having 100+ slides again 
2,Nah AUS PC is more salesy best left to the sales guys We have 6 of the team going from Aus to Vegas in Oct WWPCs my scene 
2,Ooh thats lovely 
2,faves Time for bedhave a good nightday  see you in the amif you faves Time for bed
2,I LOVED YOU ON CHELSEA LATELY 
2,spent 1 day doing research  im feeling Great  an achievement =D
2,Cool stuff 
2,Where are the easter eggs 
2,awesome Cant wait to see it 
2,is about to do paper works at the eve of his birthnight 
2,Lewis 
2,Hy ColeI come from Germany and My biggest wish is to have contact with youI know that I never can see you but it�s OK 
2,I feel sorry for my 64 followers cause my posts probably take up their entire page 
2,photoboth is blackampwhite and wayyy old we call him Herbert lol I love him hes like a living legend  gotta love Berlin lt3
2,Busy times at Elstree Studios New arrivals include Murderland Secret Diary of a call girl  Reuniting the Rubins  Huge  Sainsburys 
2,Is chilling wit my boy 
2,a friend i knew online from last night finally added me up on his messenger 
2,Nope you just caught me cheers Im sure I will Hope the sunshine holds out for you 
2,Is on the train  more shopping Yay
2,5  but my italian is basic for now
2,Had a good start today 
2,My Mrs is always telling me off for this  sit and enjoy the moment instead of trying to take photos of it 
2,I was pretty sure that you were checking new Tweets on your iPhone during the meeting 
2,i didnt want to eat others foodd  dun make me sound so bad lah  i just have another crave for foodthats all 
2,is going to get some cereallllllll  will be living off Lucky Charms next week WOOPWOOP
2,Its just a toolbar with a set of functions not very special Actually its not that specifically useful for a translator 
2,it will only get worse come winter   The Chai at the Goldfish Bowl is the best out
2,Good routes here  was todays ride 2 laps
2,in the photoshop 
2,We had a visit from our lovely zone head today  nice 
2,Now scribes cant wear their shoes to any Press Conference thanks to Jarnail Singh 
2,cool Ive got more followers people are interested      
2,I second to that Ian  thank you 
2,Downloaded the pollock app I quite like it Drew a flower lolz  
2,heh heh dirty is always good gurl  I like how you think 
2,Mmm mummys culinary skills has been improving Smells so good  im loving home cooked food
2,uuuuuuuuggghhhhhh Was that Chinese or English 
2,hi cutie  welcome to the twitternation
2,Good morning Feeling happier today 
2,Youve come to the right place I own an office interiors company  How big would you like your desk
2,Who is I like Maotai spirit very much 
2,I wish I still had my Simpsons shower radio 
2, wow  that was an experience  you dont need to see repeated again glad he is ok 
2,Just waking up and cant decide what drink to have for breakfast amp some people are becoming twitter addicts its funny 
2,happy birthday 
2,yeah I saw Im tempted to get into it but think Ill wait till the DVD set is out I like to be able to gorge myself on it 
2,in the process of making doll no 2 and its looking heaps better and cuter 
2,Heres my latest tune  Leave a comment please 
2, My bby is so adorable 
2,Has anyone had an great success stories on Twitter If so I would love to hear your story DM me 
2, a revolution in household detergent introducing    get one now while stocks last 
2, CONGRATULATIONS DAVE Enjoy the little un  xxx
2,besties staying tonite  
2,hey ho jared Im vegan toohope youre all right 
2,ok then  might not be for a while though
2,styling hunting today in Brick Lane and West End later on today and I need to get a Canon 50mm f18 lens at Jacobs 
2,I am now by  um 2  WOOOO
2,morning everyone 
2,Im up for it cant wait to here more details 
2,I sure will 
2,I gained weight  Im one of those people everybody hates who can loose weight on a cakeandcookies diet
2,is a bit happier She found her Chanel sunglasses 
2,Going to bed  goodnightttttt
2,Celebrating a minor banking triumph thats banking with a b Got one to admit it was wrong 
2,nothing to congratulate for its just a task but thanks  i dont work in the Maemo group
2,I GET IT WOOOOOOOOOOOO  
2,Ehwhere got face off lawe are all kawans here Right or not 
2,Billie Holiday  I love this one  �T�ain�t Nobody�s Business If I Do�
2,Jon Stewart loves Twitter 
2,Our plans are coming together nicely I am very happy indeed today 
2,my uni is playing POTC outside and free hotX buns i feel lovvvved  
2,Me  Happy Birthday Loving the foxy avatar pic as well  Serious party plans for the big day
2,Interesting night i love my sisters 
2,Too shy for that Plus he already stole my brain in my sleep 
2,awesome song by Press play on tape geekyness at its best 
2,Good so far thanks hope yours will treat you well too 
2,Having Sugar Puffs for breakfast amp listening to McFly what a great way to start my day 
2,malese answered my question on twitter check it outt  on malese her twitter its about youu 
2,enjoy  I just cant get into it this season but happy to know that youre getting your groove on
2,totally jst started blasting ATR at 10am dude My mom is gonna kill me BUT WHO CARES 
2,can i have yours  clouds have come in i fear i may be too late to enjoy the weather
2,Well I must say your comments have even got me thinking his hair looks rather sexy so I doubt she has much chance to resist 
2,hi just joined and i think its brill haha still in bedcouldnt be bothered getting up anywayBYE 
2, Love the videos William  New to twitter x
2,   I got an Openmoko FreeRunner and now and Android G1 as well yAy 
2, I am looking for the berocca then all will be well 
2,pleasant is right  thank u V8 ppl ur the best
2,Hes boring 
2,did u get lots of msgs from people sayin they recognised u in mail ysterda amp
2,haha i havent seen that photo in AAAAAGES have you worked out mentions yet 
2,Its fine if ur smart and know it wouldnt be ok with music  but what about those not so smart They might think its ok 
2,New Holiday Parade CD Awesome 
2,im twittering from my new iphone love it 
2,take me to a place where we can have some fun and dance the night away 
2,It would do those things but I wouldnt imagine it doing much more 
2,i would really like a towelie towel thanks 
2,not even if I tell you its 20�C and the sun is shinning  
2,do I have to bring my own short staff Its portable 
2,Heroes Poor Parkman  Remember never trust a Hero any episode now itll all turn nasty 
2,yessssssssssss   I cant wait to get it zomg
2,good for you 
2,Healed Malygos 25man tonight Pretty intense fight But we got him 
2,I sence hostility  thought the sun was shining on MidSN today
2,Thinking of you Everything crossed  Turn baby turn
2,Good morning Its tuesday Automatically better than Monday Almost payday and closer to the weekend 
2,Katies my formal dateee 
2,Roxy Thats hysterical Whats your Kittys name I hope youll be watching at 630am 
2,Pardon my outburst Im just amazed at how wonderful my psp is 
2,maybe its just a west coast thing anyway today I dont mind  Nice new pic btw
2,yah thats why im still linked to the AOL lady on my home page 
2,sparklers glitter condoms chocolate mini vodka badges magazine crisps mini wind up toy amp voucher 4 dinner 
2,I am such a workaholic Made an appointment for monday at 11am But monday is a bank holiday here 
2,Dont forget to watch at wwwtheandybumataishowcom at 1 pm Hawaii time later on mainland tomorrow Ill be there 
2,any new music mixes Id like to hear some if you let me 
2,welcome then 
2,Heading back to the office now Harrow wasnt too bad there was a Caf� Nero 
2, Good Evening SirHow is the travellin Man lol 
2,Internet says average blowjob lasts 20mins at WA minimum wage of 1760hr for casual that rounds out to about 1161 per blowjob 
2,hmmm my Pearl had a fatal erro occur during a firmware upgrade amp wont do anything including switch on Unbricking now 
2,anyone wanna buy me stuff online  ill pay you in hugsssssssss
2,very much yes 
2,It shouldnt be your destination 4 your vacation when you live the life of your dreams U live in the quotLand of Successquot 
2,looking great iain  You can never get ready early enough when it comes to stuff like that p
2,is scanning piktchas from races maann 
2,3 days and I shall be blonde whoop 
2,Sammie is gay  i right wish this update would come
2,good i was already getting a bit worried 
2,Well  Im on holiday 
2,okaeri  please take care of Bo chan 
2,hi hotbabe he is rob33n site work 
2,PRETTY GOOD THANKS  YOU  haha
2,I totally agree Hot Rod is funniest film since Something about Mary Hmm I can feel a repeat viewing coming on 
2,Eastern in arctic 
2,Im going to try this last hour I even turn the volume up on the alarm so I wont miss it Nitey nite 
2,oh yay dinners ready now  haha
2,lol Nope Ill still be in my 20s for another year 
2,Eating an easter egg  i knnow its abit early p
2,Im going to take a shower Im gonna try to wake up  
2,Yayy Its Here I Keep Polishing It Its Adorable 
2,Has a happi yes 
2, gt for whisky fans incl a chance to learn how to distill your own malt 
2, Did you downloaded the file Ive sent you via Dropbox Its quite good stuff Both Dropbox and the file 
2,Podcast Thanks Lols i didnt know about that I can pass it on to RAF 
2,Yes i found a good sized photo it will have to do 
2,TextWrangler is awesome Especially when I finally figured out how to increase the default font size 
2,I didnt get any  but they told us well be getting a modest gift this year
2,WOW I am honoredthank you for connecting with me on my blog  just a mouth
2,Does Lupo use itself for its own localization  
2,cheers its a variation on a theme 
2,hmm rude that person should be removed i am well yes please food please yes 
2,how r u  hows the weather in LA Vienna is awesome  xx
2,hahaha very cool 
2,Yeah Ive played it Pretty good game especially as it hasnt bothered with DRM and its cheap 
2,yah yah I can understand
2,Well Follow Me Twice 
2,why r u in bad mood babe i sent you something this morning hope it will arrive early this time  xoxo
2,we were making electromagnets  I doubt shed remember tis not very show biz
2,is on my way to Kennys place for a game of mahjong Wish me luck peepsWoohoo   
2,SARAH  told you Id figure one out 
2,Yeaah well done Hannah and its nice to have Wyvern FM local all day again how local radio show be during the day 
2,Thats way too true Rick Some dumb  others just boring Tks 
2,I have some monthes to convince my wife 
2,excellent  the Twitterisation of everything continues apace then 
2,Getting ready to go out for dinner with the family to celebrate a most important dayMY Birthday 
2,shame you couldnt be here back at ExCel again reminds me of FOWA Expo and your beach stand 
2,You should do childrens books 
2,mmm going to a meeting at a wine farm tomorrow in stellenbosch yum 
2,hey guys  I am so tired damn hahaha  I am so bad at Twittering now hahaha but i promise dat this will change 
2,I always find a tv channel called Dave hillarious I am in the UK 
2,glad you like it 
2,Id forgotten about that  We need to do that again sometime
2,the silent house
2,may we come along  idea ni Hani
2,Im a late bird  Mariusz  you from Poland past noon here  still morning for me 
2,One of my toons on City of Heroes just sold an item for 25Mil influence  That will NEVER happen again  Of course it doesnt need to 
