Test181.jpg,random
Test239.jpg,positive
Test581.jpg,positive
Test113.jpg,random
Test105.jpg,random
Test757.jpg,random
Test2434.jpg,positive
Test835.jpg,positive
Test234.jpg,random
Test1884.jpg,positive
Test3827.jpg,random
Test903.jpg,random
Test396.jpg,random
Test661.jpg,random
Test132.jpg,random
Test3985.jpg,random
Test2007.jpg,positive
Test2049.jpg,random
Test172.jpg,positive
Test179.jpg,positive
Test941.jpg,random
Test114.jpg,random
Test1071.jpg,random
Test3265.jpg,random
Test237.jpg,random
Test861.jpg,random
Test228.jpg,random
Test3706.jpg,positive
Test3159.jpg,random
Test761.jpg,positive
Test811.jpg,positive
Test353.jpg,positive
Test929.jpg,positive
Test614.jpg,positive
Test374.jpg,random
Test3118.jpg,random
Test2616.jpg,random
Test2114.jpg,random
Test937.jpg,positive
Test233.jpg,random
Test490.jpg,random
Test942.jpg,random
Test422.jpg,random
Test201.jpg,random
Test165.jpg,positive
Test1776-min.jpg,positive
Test243.jpg,random
Test122.jpg,random
Test1199.jpg,positive
Test191.jpg,positive
Test3798.jpg,random
Test192.jpg,random
Test1767.jpg,random
Test833.jpg,positive
Test644.jpg,positive
Test133.jpg,random
Test527.jpg,negative
Test3177.jpg,random
Test912.jpg,random
Test3024.jpg,random
Test789.jpg,random
Test108.jpg,positive
Test250.jpg,positive
Test779.jpg,positive
Test3246.jpg,random
Test624.jpg,random
Test144.jpg,random
Test154.jpg,positive
Test1837.jpg,random
Test1240.jpg,random
Test198.jpg,random
Test3512.jpg,random
Test400.jpg,random
Test236.jpg,random
Test1644.jpg,positive
Test1856-min.jpg,positive
Test242.jpg,positive
Test173.jpg,random
Test1290.jpg,random
Test232.jpg,random
Test206.jpg,positive
Test140.jpg,random
Test1229.jpg,positive
Test161.jpg,random
Test545.jpg,random
Test2870.jpg,random
Test3789.jpg,random
Test213.jpg,random
Test397.jpg,positive
Test152.jpg,random
Test117.jpg,random
Test3864.jpg,positive
Test134.jpg,random
Test884.jpg,positive
Test225.jpg,random
Test2309.jpg,random
Test143.jpg,random
Test238-min.jpg,random
Test668.jpg,positive
Test859.jpg,positive
Test3975.jpg,random
Test1992.jpg,random
Test993.jpg,random
Test180-min.jpg,random
Test533.jpg,positive
Test151.jpg,random
Test240.jpg,random
Test1724.jpg,positive
Test183.jpg,random
Test2371.jpg,random
Test209.jpg,random
Test1279.jpg,random
Test372.jpg,random
Test946.jpg,positive
Test1818.jpg,positive
Test1902.jpg,random
Test449.jpg,positive
Test482.jpg,positive
Test1788.jpg,random
Test2068.jpg,random
Test3863.jpg,random
Test136.jpg,random
Test107.jpg,random
Test715.jpg,positive
Test3277.jpg,random
Test218.jpg,random
Test1634.jpg,random
Test2590.jpg,random
Test2411.jpg,positive
Test1620.jpg,random
Test126.jpg,random
Test129.jpg,random
Test2209.jpg,random
Test2962.jpg,random
Test489.jpg,positive
Test176.jpg,random
Test125.jpg,random
Test824.jpg,random
Test3934.jpg,random
Test187.jpg,random
Test2455.jpg,random
Test135.jpg,positive
Test162.jpg,random
Test606.jpg,random
Test522.jpg,random
Test160.jpg,random
Test1359.jpg,random
Test3130.jpg,random
Test128.jpg,random
Test164.jpg,positive
Test677.jpg,random
Test3294.jpg,random
Test231.jpg,random
Test141.jpg,random
Test3625.jpg,random
Test2648.jpg,random
Test244.jpg,random
Test131.jpg,random
Test751.jpg,random
Test1717.jpg,random
Test2959.jpg,random
Test945.jpg,positive
Test1954.jpg,random
Test100.jpg,positive
Test1353.jpg,random
Test417.jpg,random
Test660.jpg,random
Test245.jpg,random
Test211.jpg,random
Test221.jpg,random
Test1615.jpg,random
Test1885.jpg,positive
Test360.jpg,random
Test587.jpg,positive
Test1001.jpg,random
Test2280.jpg,random
Test158.jpg,random
Test812.jpg,negative
Test778.jpg,random
Test526.jpg,random
Test890-min.jpg,positive
Test1923.jpg,positive
Test957.jpg,positive
Test1889.jpg,random
Test536.jpg,random
Test227.jpg,random
Test834.jpg,random
Test2424.jpg,random
Test216.jpg,random
Test516.jpg,random
Test3360.jpg,random
Test519.jpg,positive
Test979.jpg,random
Test1271.jpg,random
Test119.jpg,random
Test230.jpg,positive
Test803.jpg,random
Test194.jpg,random
Test1122.jpg,positive
Test204.jpg,random
Test579.jpg,negative
Test498.jpg,random
Test145.jpg,random
Test1012.jpg,random
Test3030.jpg,random
Test2650.jpg,random
Test837.jpg,random
Test2791.jpg,random
Test1803.jpg,random
Test1934.jpg,random
Test1743.jpg,positive
Test249.jpg,random
Test3525.jpg,positive
Test3893.jpg,positive
Test212.jpg,random
Test523.jpg,random
Test109.jpg,random
Test3566.jpg,random
Test2977.jpg,random
Test665.jpg,positive
Test2235.jpg,random
Test3749.jpg,random
Test612.jpg,random
Test378.jpg,random
Test843.jpg,random
Test2792.jpg,positive
Test1022.jpg,random
Test166.jpg,random
Test1161.jpg,random
Test103.jpg,random
Test168.jpg,random
Test760.jpg,random
Test3750.jpg,positive
Test1785.jpg,positive
Test149.jpg,random
Test1872.jpg,random
Test188.jpg,random
Test440.jpg,random
Test2743.jpg,random
