Filename,Category
Test1001.jpg,Random
Test1012.jpg,Positive
Test1022.jpg,Negative
Test1071.jpg,Random
Test1122.jpg,Positive
Test1161.jpg,Negative
Test1199.jpg,Random
Test1229.jpg,Positive
Test1240.jpg,Negative
Test1271.jpg,Random
Test1279.jpg,Positive
Test1290.jpg,Negative
Test1353.jpg,Random
Test1359.jpg,Positive
Test1615.jpg,Negative
Test1620.jpg,Random
Test1634.jpg,Positive
Test1644.jpg,Negative
Test1717.jpg,Random
Test1724.jpg,Positive
Test1743.jpg,Negative
Test1767.jpg,Random
Test1776.jpg,Positive
Test1785.jpg,Negative
Test1788.jpg,Random
Test1803.jpg,Positive
Test1818.jpg,Negative
Test1837.jpg,Random
Test1856.jpg,Positive
Test1872.jpg,Negative
Test1884.jpg,Random
Test1885.jpg,Positive
Test1889.jpg,Negative
Test1902.jpg,Random
Test1923.jpg,Positive
Test1934.jpg,Negative
Test1954.jpg,Random
Test1992.jpg,Positive
Test2007.jpg,Negative
Test2049.jpg,Random
Test2068.jpg,Positive
Test2114.jpg,Negative
Test2209.jpg,Random
Test2235.jpg,Positive
Test2280.jpg,Negative
Test2309.jpg,Random
Test2371.jpg,Positive
Test2411.jpg,Negative
Test2424.jpg,Random
Test2434.jpg,Positive
Test2455.jpg,Negative
Test2590.jpg,Random
Test2616.jpg,Positive
Test2648.jpg,Negative
Test2650.jpg,Random
Test2743.jpg,Positive
Test2791.jpg,Negative
Test2792.jpg,Random
Test2870.jpg,Positive
Test2959.jpg,Negative
Test2962.jpg,Random
Test2977.jpg,Positive
Test3024.jpg,Negative
Test3030.jpg,Random
Test3118.jpg,Positive
Test3130.jpg,Negative
Test3159.jpg,Random
Test3177.jpg,Positive
Test3246.jpg,Negative
Test3265.jpg,Random
Test3277.jpg,Positive
Test3294.jpg,Negative
Test3360.jpg,Random
Test3512.jpg,Positive
Test3525.jpg,Negative
Test3566.jpg,Random
Test3625.jpg,Positive
Test3706.jpg,Negative
Test3749.jpg,Random
Test3750.jpg,Positive
Test3789.jpg,Negative
Test3798.jpg,Random
Test3827.jpg,Positive
Test3863.jpg,Negative
Test3864.jpg,Random
Test3893.jpg,Positive
Test3934.jpg,Negative
Test3975.jpg,Random
Test3985.jpg,Positive
Test353.jpg,Negative
Test360.jpg,Random
Test372.jpg,Positive
Test374.jpg,Negative
Test378.jpg,Random
Test396.jpg,Positive
Test397.jpg,Negative
Test400.jpg,Random
Test417.jpg,Positive
Test422.jpg,Negative
Test440.jpg,Random
Test449.jpg,Positive
Test482.jpg,Negative
Test489.jpg,Random
Test490.jpg,Positive
Test498.jpg,Negative
Test516.jpg,Random
Test519.jpg,Positive
Test522.jpg,Negative
Test523.jpg,Random
Test526.jpg,Positive
Test527.jpg,Negative
Test533.jpg,Random
Test536.jpg,Positive
Test545.jpg,Negative
Test579.jpg,Random
Test581.jpg,Positive
Test587.jpg,Negative
Test606.jpg,Random
Test612.jpg,Positive
Test614.jpg,Negative
Test624.jpg,Random
Test644.jpg,Positive
Test660.jpg,Negative
Test661.jpg,Random
Test665.jpg,Positive
Test668.jpg,Negative
Test677.jpg,Random
Test715.jpg,Positive
Test751.jpg,Negative
Test757.jpg,Random
Test760.jpg,Positive
Test761.jpg,Negative
Test778.jpg,Random
Test779.jpg,Positive
Test789.jpg,Negative
Test803.jpg,Random
Test811.jpg,Positive
Test812.jpg,Negative
Test824.jpg,Random
Test833.jpg,Positive
Test834.jpg,Negative
Test835.jpg,Random
Test837.jpg,Positive
Test843.jpg,Negative
Test859.jpg,Random
Test861.jpg,Positive
Test884.jpg,Negative
Test890.jpg,Random
Test903.jpg,Positive
Test912.jpg,Negative
Test929.jpg,Random
Test937.jpg,Positive
Test941.jpg,Negative
Test942.jpg,Random
Test945.jpg,Positive
Test946.jpg,Negative
Test957.jpg,Random
Test979.jpg,Positive
Test993.jpg,Negative
Test100.jpg,Random
Test103.jpg,Positive
Test105.jpg,Negative
Test107.jpg,Random
Test108.jpg,Positive
Test109.jpg,Negative
Test113.jpg,Random
Test114.jpg,Positive
Test117.jpg,Negative
Test119.jpg,Random
Test122.jpg,Positive
Test125.jpg,Negative
Test126.jpg,Random
Test128.jpg,Positive
Test129.jpg,Negative
Test131.jpg,Random
Test132.jpg,Positive
Test133.jpg,Negative
Test134.jpg,Random
Test135.jpg,Positive
Test136.jpg,Negative
Test140.jpg,Random
Test141.jpg,Positive
Test143.jpg,Negative
Test144.jpg,Random
Test145.jpg,Positive
Test149.jpg,Negative
Test151.jpg,Random
Test152.jpg,Positive
Test154.jpg,Negative
Test158.jpg,Random
Test160.jpg,Positive
Test161.jpg,Negative
Test162.jpg,Random
Test164.jpg,Positive
Test165.jpg,Negative
Test166.jpg,Random
Test168.jpg,Positive
Test172.jpg,Negative
Test173.jpg,Random
Test176.jpg,Positive
Test179.jpg,Negative
Test180.jpg,Random
Test181.jpg,Positive
Test183.jpg,Negative
Test187.jpg,Random
Test188.jpg,Positive
Test191.jpg,Negative
Test192.jpg,Random
Test194.jpg,Positive
Test198.jpg,Negative
Test201.jpg,Random
Test204.jpg,Positive
Test206.jpg,Negative
Test209.jpg,Random
Test211.jpg,Positive
Test212.jpg,Negative
Test213.jpg,Random
Test216.jpg,Positive
Test218.jpg,Negative
Test221.jpg,Random
Test225.jpg,Positive
Test227.jpg,Negative
Test228.jpg,Random
Test230.jpg,Positive
Test231.jpg,Negative
Test232.jpg,Random
Test233.jpg,Positive
Test234.jpg,Negative
Test236.jpg,Random
Test237.jpg,Positive
Test238.jpg,Negative
Test239.jpg,Random
Test240.jpg,Positive
Test242.jpg,Negative
Test243.jpg,Random
Test244.jpg,Positive
Test245.jpg,Negative
Test249.jpg,Random
Test250.jpg,Positive
